{"time": 0.0, "heartrate": 0.06680163754058821, "resprate": 0.08372269150607814, "sysbp": 0.08782399718529077, "diasbp": 0.08806551355026071, "meanbp": 0.08949970332248991, "tempc": 0.6791589267132008, "icustay_id": 0.8228835264967306, "subject_id": 0.7955832322045673, "aniongap": 0.8990282693414355, "bicarbonate": 0.8950343042688763, "creatinine": 0.8929590525402453, "chloride": 0.8929814151666314, "glucose": 0.8992056795107654, "potassium": 0.8881659962848223, "sodium": 0.8940637662837191, "bun": 0.8934346310613899, "spo2": 0.09730425993124237, "hematocrit": 0.8701819721451126, "hemoglobin": 0.9010841401271986, "platelet": 0.8942128504596265, "wbc": 0.9011422829558025, "lactate": 0.9412325086990616, "albumin": 0.9791282153729639, "bilirubin": 0.971275951827921, "ptt": 0.9167171068128487, "inr": 0.9198583103992176, "pt": 0.9198791821838447, "bands": 0.9957421559360846}