{"time": [-9.956589669659284, 6.355294534353148], "heartrate": [84.86816562759444, 17.943542074781895], "resprate": [18.77503725565743, 5.329709930457547], "sysbp": [119.7163268309853, 21.398945449556606], "diasbp": [61.65729761246952, 14.330835635108038], "meanbp": [78.77727111546777, 15.179795579801828], "tempc": [36.9155006336789, 0.8595261585859221], "icustay_id": [249960.51894312433, 28866.641674390736], "subject_id": [35620.04628961091, 28636.624777404362], "aniongap": [14.244113709740923, 3.8844691383636296], "bicarbonate": [23.656316843495677, 4.858908385444076], "creatinine": [1.530587937622158, 1.7377550447130676], "chloride": [105.2944319068316, 6.545079051968493], "glucose": [142.26629837250468, 71.19940625740362], "potassium": [4.1755694492583615, 0.7178032428198442], "sodium": [138.76280174880617, 5.234225877084312], "bun": [26.637154915127773, 22.58558595907672], "spo2": [97.32267001026446, 2.930125568218317], "hematocrit": [31.63308546841684, 5.540059375087183], "hemoglobin": [10.880715358684128, 1.9713218642588117], "platelet": [211.11743096855417, 112.65674527707561], "wbc": [11.832323681697078, 12.068916071707573], "lactate": [2.7078435948823323, 2.242605565805247], "albumin": [3.184757142857143, 0.6796202812855822], "bilirubin": [2.135594539886853, 4.603436021456225], "ptt": [41.61507688452106, 25.850000370426], "inr": [1.5607660540218764, 1.052494500526544], "pt": [16.211319204098594, 7.0568925474923505], "bands": [10.11684173669468, 10.35022293553568]}