{"time": [-22.0, 0.0], "heartrate": [33.0, 160.0], "resprate": [4.0, 50.0], "sysbp": [56.0, 218.0], "diasbp": [16.0, 142.0], "meanbp": [28.848214285714285, 189.0], "tempc": [31.944444444444443, 40.5], "icustay_id": [200025.0, 299987.0], "subject_id": [12.0, 99955.0], "aniongap": [4.0, 42.0], "bicarbonate": [5.0, 47.0], "creatinine": [0.1, 22.1], "chloride": [72.0, 139.0], "glucose": [21.0, 968.0], "potassium": [2.0, 9.7], "sodium": [107.0, 176.0], "bun": [2.0, 211.0], "spo2": [57.0, 100.0], "hematocrit": [11.8, 57.2], "hemoglobin": [4.1, 19.3], "platelet": [6.0, 1165.0], "wbc": [0.1, 322.5], "lactate": [0.3, 23.4], "albumin": [1.1, 5.1], "bilirubin": [0.1, 55.8], "ptt": [17.8, 150.0], "inr": [0.6, 21.4], "pt": [9.1, 139.2], "bands": [0.9, 79.0]}